Name,Designation,Email,Password
"Abbasali Mahamadali Sunasara","Jr. Engineer","abbasali.sunasara@acsengitech.com","Acs-8YE5-q4Yv"
"Agastya Dilipbhai Patel","Sr. Engineer","agastya.patel@acsengitech.com","Acs-VCN4-kRKA"
"Anurag Sohandas Vaishnav","Jr. Engineer","anurag.vaishnav@acsengitech.com","Acs-XCQj-MpEW"
"Ashish Dinkar Hajare","Trainee Engineer","ashish.hajare@acsengitech.com","Acs-pvJw-Vzs7"
"Chirag Rameshbhai Prajapati","Sr. Engineer","chirag.prajapati@acsengitech.com","Acs-5XrB-8SMw"
"Dhrupin Vithalbhai Vaghasiya","Asst. Manager","dhrupin.vaghasiya@acsengitech.com","Acs-vQqG-dR7V"
"Dilipkumar Rameshbhai Asediya","Head of Technical","dilipkumar.asediya@acsengitech.com","Acs-PKvZ-yW2d"
"Dixit Prajapati","Sr. Engineer","dixit.prajapati@acsengitech.com","Acs-EbrA-93P3"
"Harmitsinh Udavat","Jr. Engineer","harmitsinh.udavat@acsengitech.com","Acs-2zJM-YwUE"
"Harsh Ajaybhai Suthar","Sr. Engineer","harsh.suthar@acsengitech.com","Acs-HUj4-gtVv"
"Het Harshadbhai Patel","Jr. Engineer","het.patel@acsengitech.com","Acs-Qedw-n5qF"
"Hitesh Rameshbhai Malviya","Sr. Engineer","hitesh.malviya@acsengitech.com","Acs-Znwp-E2tn"
"Jigar Girishbhai Nayak","Trainee Engineer","jigar.nayak@acsengitech.com","Acs-dbEq-ZYF3"
"Krupesh Bhikhbhai Solanki","Sr. Engineer","krupesh.solanki@acsengitech.com","Acs-zGj8-wZ59"
"Munaf Anavarbhai Multani","Asst. Manager","munaf.multani@acsengitech.com","Acs-JMEp-cZqt"
"Paras Rajendrakumar Prajapati","Project Manager","paras.prajapati@acsengitech.com","Acs-BcZT-Qdew"
"Parth Dasharathbhai Nagar","Project Manager","parth.nagar@acsengitech.com","Acs-cun8-KTrc"
"Rajani Bhurabhai Nagar","Head of Service","rajani.nagar@acsengitech.com","Acs-Hdwv-aPrA"
"Ridhhi Kiranbhai Patel","Sr. Engineer","ridhhi.patel@acsengitech.com","Acs-M58C-Fy5D"
"Sahil Dipakbhai Patil","Jr. Engineer","sahil.patil@acsengitech.com","Acs-9P4U-hqmb"
"Shivam Bipinchandra Prajapati","Sr. Engineer","shivam.prajapati@acsengitech.com","Acs-vYNf-aBbW"
"Tejas Yogesh Rokade","Trainee Engineer","tejas.rokade@acsengitech.com","Acs-v455-qxw3"
"Yogi Bharatbhai Patel","Sr. Engineer","yogi.patel@acsengitech.com","Acs-6Kqs-Ddh2"
"Bhavesh Ishwarbhai Prajapati","Director","bhavesh.prajapati@acsengitech.com","ACSengi@2026"
"Satish Nagar","Director","admin@acsengitech.com","ACSengi@2026"
"Satish Nagar","Director","satishkumar.nagar@acsengitech.com","ACSengi@2026"
"Shaktikumar Vasava","Director","shaktikumar.vasava@acsengitech.com","ACSengi@2026"
